"
サイドレースアップワンピースTM1207
","
¥ 5,200
","https://base-ec2if.akamaized.net/w=640,a=0,q=90,u=1/images/item/origin/a4c2b8bf3e64dea60307c1e54bd43b4e.jpg",https://tiam.official.ec/items/50237850
"
デザインスリーブブラウスTM1206
","
¥ 4,600
","https://base-ec2if.akamaized.net/w=640,a=0,q=90,u=1/images/item/origin/32f44d6fca384eefdf02031072859a1f.jpg",https://tiam.official.ec/items/50236967
"
タビバレエシューズTM1205
","
¥ 4,500
","https://base-ec2if.akamaized.net/w=640,a=0,q=90,u=1/images/item/origin/7642d09827828fa52e3408fb21be18ca.jpg",https://tiam.official.ec/items/50195424
"
デイジーペプラムブラウスTM1204
","
¥ 4,200
","https://base-ec2if.akamaized.net/w=640,a=0,q=90,u=1/images/item/origin/52c6746ae6680cba7a22d7439eb3b276.jpg",https://tiam.official.ec/items/50194652
"
VネックフラワーカットワンピースTM1203
","
¥ 5,200
","https://base-ec2if.akamaized.net/w=640,a=0,q=90,u=1/images/item/origin/9044ee8e50f3ba840f4134e7cfcc2731.jpg",https://tiam.official.ec/items/50149059
"
パフシャーリングワンピースTM1202
","
¥ 5,000
","https://base-ec2if.akamaized.net/w=640,a=0,q=90,u=1/images/item/origin/0817efbef62aa8da41fd0d7e35898686.jpg",https://tiam.official.ec/items/50148688
"
ギンガムチェックニットアンサンブルTM1201
","
¥ 5,000
","https://base-ec2if.akamaized.net/w=640,a=0,q=90,u=1/images/item/origin/651ae1fad9897486769ed803d6c941d4.jpg",https://tiam.official.ec/items/50148145
"
リボンタイブラウスTM1200
","
¥ 4,800
","https://base-ec2if.akamaized.net/w=640,a=0,q=90,u=1/images/item/origin/ca1d2ed4700cb0127ca0fefaa922d419.jpg",https://tiam.official.ec/items/50109478
"
カジュアルステッチオーバーオールTM1199
","
¥ 5,500
","https://base-ec2if.akamaized.net/w=640,a=0,q=90,u=1/images/item/origin/ddfb6ba4afad3287cd80c579196f2e3b.jpg",https://tiam.official.ec/items/50106719
"
bebeロゴteeTM1198
","
¥ 4,600
","https://base-ec2if.akamaized.net/w=640,a=0,q=90,u=1/images/item/origin/79e1cf080683ec29a77f12fa7c14f1f4.jpg",https://tiam.official.ec/items/50054240
"
ストライプミントシャツTM1197
","
¥ 4,500
","https://base-ec2if.akamaized.net/w=640,a=0,q=90,u=1/images/item/origin/1475c39b401ca00f6eabe15a4ae51de8.jpg",https://tiam.official.ec/items/50052071
"
バイカラーパイピングtee TM1196
","
¥ 4,200
","https://base-ec2if.akamaized.net/w=640,a=0,q=90,u=1/images/item/origin/6fca6003aa549c870df7080c28851a1f.jpg",https://tiam.official.ec/items/49989119
"
カジュアルチェックシャツパンツセットアップTM1195
","
¥ 5,500
","https://base-ec2if.akamaized.net/w=640,a=0,q=90,u=1/images/item/origin/dad28c90b62bd660b0daf7fc6a0af4d7.jpg",https://tiam.official.ec/items/49985884
"
ノーカラーストライプワンピースTM1194
","
¥ 5,000
","https://base-ec2if.akamaized.net/w=640,a=0,q=90,u=1/images/item/origin/ab4007f10349caf548cba3a1e52643af.jpg",https://tiam.official.ec/items/49928931
"
ショルダーボタンストライプシャツTM1193
","
¥ 5,000
","https://base-ec2if.akamaized.net/w=640,a=0,q=90,u=1/images/item/origin/f78655cad70ff24019a6ce30ef987530.jpg",https://tiam.official.ec/items/49859464
"
サーマルハーフパンツTM1192
","
¥ 4,200
","https://base-ec2if.akamaized.net/w=640,a=0,q=90,u=1/images/item/origin/8bb47d3630e9c28a5da3fb0495bba976.jpg",https://tiam.official.ec/items/49858387
"
スウェットベストスカートセットアップTM1191
","
¥ 5,500
","https://base-ec2if.akamaized.net/w=640,a=0,q=90,u=1/images/item/origin/dd9384fcfb18acf8f28baa74a99f828d.jpg",https://tiam.official.ec/items/49815993
"
カジュアルストレートデニムTM1190
","
¥ 5,000
","https://base-ec2if.akamaized.net/w=640,a=0,q=90,u=1/images/item/origin/526ac22ffa36f71238b04a2e2c332c2d.jpg",https://tiam.official.ec/items/49815529
"
スポーティジップセットアップTM1189
","
¥ 5,200
","https://base-ec2if.akamaized.net/w=640,a=0,q=90,u=1/images/item/origin/f1c7ed66869dc0baf3a5169a06ffc6f0.png",https://tiam.official.ec/items/49764166
"
ノーカラーギャザーワンピースTM1188
","
¥ 5,000
","https://base-ec2if.akamaized.net/w=640,a=0,q=90,u=1/images/item/origin/9bc5ca42e40fe1fd1ca64849655bd856.jpg",https://tiam.official.ec/items/49762891
"
グレーカジュアルボーダーtee TM1187
","
¥ 3,780
(10%OFF)
","https://base-ec2if.akamaized.net/w=640,a=0,q=90,u=1/images/item/origin/de401cdcc01d5555b456117afcae2931.jpg",https://tiam.official.ec/items/49703425
"
merciキャンパストートTM1186
","
¥ 3,500
","https://base-ec2if.akamaized.net/w=640,a=0,q=90,u=1/images/item/origin/02a6a697b8a46760ceef38959049a48f.jpg",https://tiam.official.ec/items/49694925
"
カジュアルスマートセットアップTM1185
","
¥ 6,175
(5%OFF)
","https://base-ec2if.akamaized.net/w=640,a=0,q=90,u=1/images/item/origin/f2fd972a9e50672394c096d8eb4bcd46.jpg",https://tiam.official.ec/items/49634095
"
シアーリボンブラウスTM1184
","
¥ 4,500
(10%OFF)
","https://base-ec2if.akamaized.net/w=640,a=0,q=90,u=1/images/item/origin/18123f00029690cfb7b8a428b54bcc12.jpg",https://tiam.official.ec/items/49633072
"
シフォンフレアワンピースTM1183
","
¥ 4,750
(5%OFF)
","https://base-ec2if.akamaized.net/w=640,a=0,q=90,u=1/images/item/origin/9a7a83659fa4536e5d95215a74bbda0c.jpg",https://tiam.official.ec/items/49551442
"
ストライプシャツセットアップTM1182
","
¥ 5,400
(10%OFF)
","https://base-ec2if.akamaized.net/w=640,a=0,q=90,u=1/images/item/origin/71209d57f6f1729987ab43f3a5a724b7.jpg",https://tiam.official.ec/items/49550816
"
スクエアフリルカラーブラウスTM1181
","
¥ 4,500
(10%OFF)
","https://base-ec2if.akamaized.net/w=640,a=0,q=90,u=1/images/item/origin/53c4c0415e6ddeeae36938395b46c261.jpg",https://tiam.official.ec/items/49486620
"
パフスリーブポロワンピースTM1180
","
¥ 5,700
(5%OFF)
","https://base-ec2if.akamaized.net/w=640,a=0,q=90,u=1/images/item/origin/1f4057b882412313ddadbbae8dcbdbee.jpg",https://tiam.official.ec/items/49485258
"
ワンポイントDOGtee TM1179
","
¥ 4,500
(10%OFF)
","https://base-ec2if.akamaized.net/w=640,a=0,q=90,u=1/images/item/origin/16cf6898a029fb4c13edad85026cf6fc.jpg",https://tiam.official.ec/items/49418877
"
サーマルカジュアルセットアップTM1178
","
¥ 5,525
(15%OFF)
","https://base-ec2if.akamaized.net/w=640,a=0,q=90,u=1/images/item/origin/afcfd553a6422833339f6ef9cab259ed.jpg",https://tiam.official.ec/items/49417878
"
バイカラースカラップサマーニットTM1177
","
¥ 4,050
(10%OFF)
","https://base-ec2if.akamaized.net/w=640,a=0,q=90,u=1/images/item/origin/1e18ec68c79d7aea7f915ebdf379a51f.jpg",https://tiam.official.ec/items/49369471
"
DREAMLAND DOGteeTM1176
","
¥ 4,500
(10%OFF)
","https://base-ec2if.akamaized.net/w=640,a=0,q=90,u=1/images/item/origin/6783c9ea148eff2e5b08ea656b9210b0.jpg",https://tiam.official.ec/items/49367928
"
リトルフラワーフリルパイピングブラウスTM1175
","
¥ 4,050
(10%OFF)
","https://base-ec2if.akamaized.net/w=640,a=0,q=90,u=1/images/item/origin/9f020b6b9bf330e4561b87ef1e8b66ab.jpg",https://tiam.official.ec/items/49310977
"
ナチュラルボリュームスニーカーTM1174
","
¥ 5,525
(15%OFF)
","https://base-ec2if.akamaized.net/w=640,a=0,q=90,u=1/images/item/origin/8c8caeaf3b72491c0fab892c31377570.jpg",https://tiam.official.ec/items/49310290
"
ピンクデニムジャンパースカートTM1173
","
¥ 5,100
(15%OFF)
","https://base-ec2if.akamaized.net/w=640,a=0,q=90,u=1/images/item/origin/28508d11bf9f3436b1797954388847f6.jpg",https://tiam.official.ec/items/49309368
"
シアーフラワーブラウスTM1172
","
¥ 4,250
(15%OFF)
","https://base-ec2if.akamaized.net/w=640,a=0,q=90,u=1/images/item/origin/d20d3fffc867c3f34b81652b047bfb94.jpg",https://tiam.official.ec/items/49237143
"
パフトップスフリルキャミワンピースセットTM1171
","
¥ 5,200
(20%OFF)
","https://base-ec2if.akamaized.net/w=640,a=0,q=90,u=1/images/item/origin/4bef0f3e1e6d1af9f4a4a42036f20d62.jpg",https://tiam.official.ec/items/49236593
"
カジュアルシャツワンピースTM1170
","
¥ 4,680
(10%OFF)
","https://base-ec2if.akamaized.net/w=640,a=0,q=90,u=1/images/item/origin/3bd27907d9b2e072d1737ead8be1c9be.jpg",https://tiam.official.ec/items/49155189
"
カシュクールリトルフラワーワンピースTM1169
","
¥ 4,800
(20%OFF)
","https://base-ec2if.akamaized.net/w=640,a=0,q=90,u=1/images/item/origin/ec7118f93cb675676d75e02889d6420e.jpg",https://tiam.official.ec/items/49146497
"
バックロゴポイントサックスteeTM1168
","
¥ 4,675
(15%OFF)
","https://base-ec2if.akamaized.net/w=640,a=0,q=90,u=1/images/item/origin/11c9478e04d97fe05de3f755666227de.jpg",https://tiam.official.ec/items/49088064
"
ポイントリボンレトロワンピースTM1167
","
¥ 4,950
(10%OFF)
","https://base-ec2if.akamaized.net/w=640,a=0,q=90,u=1/images/item/origin/2dee510449f52cc0ab3d8461c8ce0092.jpg",https://tiam.official.ec/items/49087639
"
スクエア2wayバッグTM1166
","
¥ 4,080
(15%OFF)
","https://base-ec2if.akamaized.net/w=640,a=0,q=90,u=1/images/item/origin/36c5a8a0773d29ed080f475b01c513a7.jpg",https://tiam.official.ec/items/49013916
"
ビッグシルエットロゴteeTM1165
","
¥ 3,780
(10%OFF)
","https://base-ec2if.akamaized.net/w=640,a=0,q=90,u=1/images/item/origin/735667ea3a3ce562e7ecefb2d8c46f3c.jpg",https://tiam.official.ec/items/49013189
"
ビッグカジュアルデニムシャツTM1164
","
¥ 4,950
(10%OFF)
","https://base-ec2if.akamaized.net/w=640,a=0,q=90,u=1/images/item/origin/a0cd833fe3756bd1d6741978faf073f3.jpg",https://tiam.official.ec/items/48942138
"
スウェットポロセットアップワンピースTM1162
","
¥ 4,950
(10%OFF)
","https://base-ec2if.akamaized.net/w=640,a=0,q=90,u=1/images/item/origin/1bd979024c57201f90e9fac391861947.jpg",https://tiam.official.ec/items/48865453
"
バイカラーキャミカーディガンセットTM1161
","
¥ 4,050
(10%OFF)
","https://base-ec2if.akamaized.net/w=640,a=0,q=90,u=1/images/item/origin/e583d7dccbf34c0c279bca459d6e64c7.jpg",https://tiam.official.ec/items/48864917
"
ベーシックティアードワンピースTM1160
","
¥ 4,675
(15%OFF)
","https://base-ec2if.akamaized.net/w=640,a=0,q=90,u=1/images/item/origin/56afe0e9fc2cabcc7aabb3d4184b858f.jpg",https://tiam.official.ec/items/48815062
"
バックカルフォルニアロゴteeTM1159
","
¥ 3,825
(15%OFF)
","https://base-ec2if.akamaized.net/w=640,a=0,q=90,u=1/images/item/origin/57e04f1c567ef8d6c540cd354c14ca84.jpg",https://tiam.official.ec/items/48813700
"
サマーバケットハットTM1158
","
¥ 2,880
(10%OFF)
","https://base-ec2if.akamaized.net/w=640,a=0,q=90,u=1/images/item/origin/6a090e6d61513ec651d482638c6df0c6.jpg",https://tiam.official.ec/items/48713530
"
シンプルラフカラーシャツTM1157
","
¥ 3,780
(10%OFF)
","https://base-ec2if.akamaized.net/w=640,a=0,q=90,u=1/images/item/origin/86074ba57a0aee988d348a8eb13c7ac6.jpg",https://tiam.official.ec/items/48621421
"
カジュアルオーバーサロペットTM1156
","
¥ 4,500
(10%OFF)
","https://base-ec2if.akamaized.net/w=640,a=0,q=90,u=1/images/item/origin/18cfb0a512a3c5cec7fb6740b436d1cf.jpg",https://tiam.official.ec/items/48620006
"
シャーリングワンピースパフブラウスセットTM1155
","
¥ 4,420
(15%OFF)
","https://base-ec2if.akamaized.net/w=640,a=0,q=90,u=1/images/item/origin/d4402938319c3c2bef8626c709b59770.jpg",https://tiam.official.ec/items/48540922
"
マルチーズフォトtee TM1154
","
¥ 3,990
(5%OFF)
","https://base-ec2if.akamaized.net/w=640,a=0,q=90,u=1/images/item/origin/20b4da6a25d38196fbb79dc2f59890de.jpg",https://tiam.official.ec/items/48539244
"
ボリュームソールプラットフォームサンダルTM1153
","
¥ 4,500
(10%OFF)
","https://base-ec2if.akamaized.net/w=640,a=0,q=90,u=1/images/item/origin/4a9b572a80ac197090ab8d16bb2458be.jpg",https://tiam.official.ec/items/48455420
"
リラックスカジュアルサロペットTM1152
","
¥ 5,400
(10%OFF)
","https://base-ec2if.akamaized.net/w=640,a=0,q=90,u=1/images/item/origin/060e747d468435d8b25b763708ca046f.jpg",https://tiam.official.ec/items/48454209
"
ブルーレディセットアップTM1151
","
¥ 4,350
(25%OFF)
","https://base-ec2if.akamaized.net/w=640,a=0,q=90,u=1/images/item/origin/5f6aac4cb162c7dcce16d8e2cbbd2013.jpg",https://tiam.official.ec/items/48351519
"
ダブルリボンビッグクリップTM1150
","
¥ 2,500
","https://base-ec2if.akamaized.net/w=640,a=0,q=90,u=1/images/item/origin/3141568ceb86e4d8a27dee875d341ac6.jpg",https://tiam.official.ec/items/48349801
"
バイカラー丸襟ブラウスTM1149
","
¥ 4,275
(5%OFF)
","https://base-ec2if.akamaized.net/w=640,a=0,q=90,u=1/images/item/origin/13668d6057f112e446cf87bc28523ace.jpg",https://tiam.official.ec/items/48347603
"
ラウンドネックパフスリーブリブニットTM1148
","
¥ 4,300
","https://base-ec2if.akamaized.net/w=640,a=0,q=90,u=1/images/item/origin/b886e9d19ad6123e29b2c3ed85da1c78.jpg",https://tiam.official.ec/items/48247168
"
シープteeグリーンセットアップTM1147
","
¥ 4,500
(10%OFF)
","https://base-ec2if.akamaized.net/w=640,a=0,q=90,u=1/images/item/origin/5824bc7222121abebe9dab30bce6634b.jpg",https://tiam.official.ec/items/48246577
"
クリアフレームメガネTM1146
","
¥ 3,800
","https://base-ec2if.akamaized.net/w=640,a=0,q=90,u=1/images/item/origin/386caaa99ebcea2a84e01dbecb4e995d.jpg",https://tiam.official.ec/items/48244333
"
鍵編みトートバッグTM1145
","
¥ 4,800
","https://base-ec2if.akamaized.net/w=640,a=0,q=90,u=1/images/item/origin/57f801570d23ebcda1eea987a43e5521.jpg",https://tiam.official.ec/items/48179997
"
パンケーキグラフィックTシャツTM1144
","
¥ 3,600
(10%OFF)
","https://base-ec2if.akamaized.net/w=640,a=0,q=90,u=1/images/item/origin/cd914d459b22eeaf2a71d5459309acc2.jpg",https://tiam.official.ec/items/48174882
"
ショルダーリボンロングワンピースTM1143
","
¥ 3,910
(15%OFF)
","https://base-ec2if.akamaized.net/w=640,a=0,q=90,u=1/images/item/origin/83c825f7d801bb8190f7bb59888f7080.jpg",https://tiam.official.ec/items/48170425
"
SUNロゴtee TM1142
","
¥ 3,800
","https://base-ec2if.akamaized.net/w=640,a=0,q=90,u=1/images/item/origin/7bc1651c9d54addf82a72bbf1c7cef1d.jpg",https://tiam.official.ec/items/48083261
"
バイカラーペプラムブラウスロングスカートセットTM1141
","
¥ 5,200
","https://base-ec2if.akamaized.net/w=640,a=0,q=90,u=1/images/item/origin/d1ce9609796d26da82593956dc5f2265.jpg",https://tiam.official.ec/items/48081512
"
グリーンギンガムチェックシャツTM1140
","
¥ 4,200
","https://base-ec2if.akamaized.net/w=640,a=0,q=90,u=1/images/item/origin/19889dcec1594b942dc6ab5dddb26dae.jpg",https://tiam.official.ec/items/47985892
"
ベアリラックスパジャマTM1139
","
¥ 4,500
","https://base-ec2if.akamaized.net/w=640,a=0,q=90,u=1/images/item/origin/b7f0ba6ad4d3dd7a1b39f60ad478a12c.jpg",https://tiam.official.ec/items/47900231
"
カジュアルストライプシャツTM1138
","
¥ 4,200
","https://base-ec2if.akamaized.net/w=640,a=0,q=90,u=1/images/item/origin/74298c1cf6acdd279937f26085544a6a.jpg",https://tiam.official.ec/items/47899741
"
フロントリボンペムラムブラウスTM1137
","
¥ 3,870
(10%OFF)
","https://base-ec2if.akamaized.net/w=640,a=0,q=90,u=1/images/item/origin/f2002dfe63f992146499d00e10d5ca81.jpg",https://tiam.official.ec/items/47786864
"
モノトーンレディワンピースTM1136
","
¥ 4,600
","https://base-ec2if.akamaized.net/w=640,a=0,q=90,u=1/images/item/origin/1299dbeac00f1feea863b521e185e13d.jpg",https://tiam.official.ec/items/47785820
"
ナチュラルカラーセットアップTM1135
","
¥ 4,675
(15%OFF)
","https://base-ec2if.akamaized.net/w=640,a=0,q=90,u=1/images/item/origin/b8eedf05a05c972fc5c6e13c5c3d04fe.jpg",https://tiam.official.ec/items/47699347
"
スカラップミックスカラーポロTM1134
","
¥ 3,864
(8%OFF)
","https://base-ec2if.akamaized.net/w=640,a=0,q=90,u=1/images/item/origin/b6b5535aa06e8f4b4f29040b508479b3.jpg",https://tiam.official.ec/items/47698356
"
ストライプパフスリーブシャツTM1133
","
¥ 3,910
(15%OFF)
","https://base-ec2if.akamaized.net/w=640,a=0,q=90,u=1/images/item/origin/ad314d5456ed637bb4b227c11ae7a511.jpg",https://tiam.official.ec/items/47628557
"
スマートジャケットプリーツスカートセットアップTM1132
","
¥ 5,200
","https://base-ec2if.akamaized.net/w=640,a=0,q=90,u=1/images/item/origin/fc57a9fa71c1f2131115d324f7d264e5.jpg",https://tiam.official.ec/items/47627916
"
フラワーパイピングトップスTM1131
","
¥ 4,050
(10%OFF)
","https://base-ec2if.akamaized.net/w=640,a=0,q=90,u=1/images/item/origin/1511aacd9538e12dc10f3a027de0f38d.jpg",https://tiam.official.ec/items/47566645
"
カジュアルサマーニットセットアイテムTM1130
","
¥ 4,500
(10%OFF)
","https://base-ec2if.akamaized.net/w=640,a=0,q=90,u=1/images/item/origin/123ef52dc939ca3cfbe37230a381590e.jpg",https://tiam.official.ec/items/47564082
"
サイドベルトプリーツワンピースTM1129
","
¥ 4,800
","https://base-ec2if.akamaized.net/w=640,a=0,q=90,u=1/images/item/origin/937b3968213164057a69851f983e44e2.jpg",https://tiam.official.ec/items/47500607
"
カップ付きシャーリングキャミソールTM1128
","
¥ 3,000
","https://base-ec2if.akamaized.net/w=640,a=0,q=90,u=1/images/item/origin/96b6b041af5edcad51f504c7d555cb1b.jpg",https://tiam.official.ec/items/47498307
"
2wayロングドレスTM1127
","
¥ 4,500
(10%OFF)
","https://base-ec2if.akamaized.net/w=640,a=0,q=90,u=1/images/item/origin/c8ba829bcbb0ec1530b311143ad1757f.jpg",https://tiam.official.ec/items/47437311
"
スクエアネックギンガムフリルトップス TM1126
","
¥ 4,200
","https://base-ec2if.akamaized.net/w=640,a=0,q=90,u=1/images/item/origin/9e18e231c04865a02bf1f3193d21f654.jpg",https://tiam.official.ec/items/47434864
"
ボーダーポロワンピースTM1125
","
¥ 4,500
","https://base-ec2if.akamaized.net/w=640,a=0,q=90,u=1/images/item/origin/97d77f189c804d5c9e0ed41ae52bc594.jpg",https://tiam.official.ec/items/47431995
"
スクエアネック袖リボンワンピースTM1124
","
¥ 5,800
","https://base-ec2if.akamaized.net/w=640,a=0,q=90,u=1/images/item/origin/3bf551a3629bbbecd7e6d66ec7f573f4.png",https://tiam.official.ec/items/47368909
"
パフスリーブラフセットアップ TM1123
","
¥ 4,505
(15%OFF)
","https://base-ec2if.akamaized.net/w=640,a=0,q=90,u=1/images/item/origin/5928183da529651145635205f170271e.jpg",https://tiam.official.ec/items/47359212
"
レオパートパフワンピースTM1122
","
¥ 4,800
","https://base-ec2if.akamaized.net/w=640,a=0,q=90,u=1/images/item/origin/cafad2bb34c0567346c48226bf383e29.jpg",https://tiam.official.ec/items/47299340
"
バックリボンフレアワンピース TM1121
","
¥ 5,200
","https://base-ec2if.akamaized.net/w=640,a=0,q=90,u=1/images/item/origin/d40578117c865c380f491fbd0aa5e0d5.jpg",https://tiam.official.ec/items/47297637
"
バイカラーリブトップスTM1120
","
¥ 3,870
(10%OFF)
","https://base-ec2if.akamaized.net/w=640,a=0,q=90,u=1/images/item/origin/24c9b8b322b0452ad2a59e3f3d68389f.jpg",https://tiam.official.ec/items/47232753
"
ブリックレッドボーダーポロTM1119
","
¥ 4,300
","https://base-ec2if.akamaized.net/w=640,a=0,q=90,u=1/images/item/origin/741b6899bedd457eda0f774c4732f2d8.jpg",https://tiam.official.ec/items/47231790
"
ストレートタッグパンツTM1118
","
¥ 4,050
(10%OFF)
","https://base-ec2if.akamaized.net/w=640,a=0,q=90,u=1/images/item/origin/24fb3f0c7b7b3568667a91554fb67f44.jpg",https://tiam.official.ec/items/47230332
"
ハーフデニムセットアップTM1117
","
¥ 4,160
(20%OFF)
","https://base-ec2if.akamaized.net/w=640,a=0,q=90,u=1/images/item/origin/cfd531853fc9c77e24d2c35f577a2fb6.jpg",https://tiam.official.ec/items/47183046
"
パフギャザーメリーワンピースTM1116
","
¥ 4,800
","https://base-ec2if.akamaized.net/w=640,a=0,q=90,u=1/images/item/origin/ef7a266fdae93f8006efa3de58f24263.jpg",https://tiam.official.ec/items/47182648
"
スカラップダブルボタンワンピースTM1114
","
¥ 5,200
","https://base-ec2if.akamaized.net/w=640,a=0,q=90,u=1/images/item/origin/0cc3be7c969d6fabc8639233442128be.jpg",https://tiam.official.ec/items/47124536
"
ワンカラーベーシックシャツTM1113
","
¥ 4,000
","https://base-ec2if.akamaized.net/w=640,a=0,q=90,u=1/images/item/origin/cf23e55501a95704f28e4d4ab355f9ec.jpg",https://tiam.official.ec/items/47123386
"
ベーシックカラーtee TM1112
","
¥ 3,600
","https://base-ec2if.akamaized.net/w=640,a=0,q=90,u=1/images/item/origin/1450ba717fb542c6a3783f4fcbf3da71.jpg",https://tiam.official.ec/items/47066367
"
バックリボンシンプルブラウスTM1111
","
¥ 4,600
","https://base-ec2if.akamaized.net/w=640,a=0,q=90,u=1/images/item/origin/70204dad4d9a5a71837dc00e23b0dce5.jpg",https://tiam.official.ec/items/47065193
"
ナチュラルカラーオールインワンTM1110
","
¥ 4,420
(15%OFF)
","https://base-ec2if.akamaized.net/w=640,a=0,q=90,u=1/images/item/origin/cfd6c81a95d7d118e631b25806051260.jpg",https://tiam.official.ec/items/46989380
"
ラフシャツパンツスタイルベルトセットTM1109
","
¥ 4,480
(20%OFF)
","https://base-ec2if.akamaized.net/w=640,a=0,q=90,u=1/images/item/origin/2e3a07d155ddb8e1beee2d296ef98b11.jpg",https://tiam.official.ec/items/46988684
"
フラワーレースカップ付きインナーTM1108
","
¥ 2,500
","https://base-ec2if.akamaized.net/w=640,a=0,q=90,u=1/images/item/origin/f0a674f8d04c74743930b57edc5acc5d.jpg",https://tiam.official.ec/items/46933525
"
パールUSBケーブルTM1107
","
¥ 2,500
","https://base-ec2if.akamaized.net/w=640,a=0,q=90,u=1/images/item/origin/56a3f12f23b5cb3a3eb54a782a6bc429.jpg",https://tiam.official.ec/items/46933024
"
2wayギャザーバケットバッグTM1106
","
¥ 4,000
","https://base-ec2if.akamaized.net/w=640,a=0,q=90,u=1/images/item/origin/eb1b9880fa8557e4dae5796eac7f3c5e.jpg",https://tiam.official.ec/items/46862665
"
バックプリーツフレアブラウスTM1105
","
¥ 3,910
(15%OFF)
","https://base-ec2if.akamaized.net/w=640,a=0,q=90,u=1/images/item/origin/405b7a34a14b11fd18aee5fe97a687bd.jpg",https://tiam.official.ec/items/46861942
"
2wayビジュープリーツバッグTM1104
","
¥ 3,600
","https://base-ec2if.akamaized.net/w=640,a=0,q=90,u=1/images/item/origin/d7f6a1df06e8e5ad824778ffaccdf5d6.jpg",https://tiam.official.ec/items/46804897
"
バックリボンパフトップスTM1103
","
¥ 4,000
","https://base-ec2if.akamaized.net/w=640,a=0,q=90,u=1/images/item/origin/ed973014ca620846ae4895974f173005.jpg",https://tiam.official.ec/items/46743209
"
フロントリボンシャーリングワンピースTM1102
","
¥ 4,600
","https://base-ec2if.akamaized.net/w=640,a=0,q=90,u=1/images/item/origin/34b8c60c913255b2ad3494369ed2ca05.jpg",https://tiam.official.ec/items/46742551
"
ビッグカラーパフブラウスTM1101
","
¥ 4,200
","https://base-ec2if.akamaized.net/w=640,a=0,q=90,u=1/images/item/origin/4036242c45ea152a11838b4c29b853ed.jpg",https://tiam.official.ec/items/46742044
"
ドットパフブラウスTM1100
","
¥ 4,200
","https://base-ec2if.akamaized.net/w=640,a=0,q=90,u=1/images/item/origin/0d1a47302ee5629c2aad7f3cb552ac4c.jpg",https://tiam.official.ec/items/46678096
"
ベルト付きジャケットワンピースTM1099
","
¥ 5,000
","https://base-ec2if.akamaized.net/w=640,a=0,q=90,u=1/images/item/origin/f7117d388a42a375fad144cbfa593533.jpg",https://tiam.official.ec/items/46677462
"
ラウンドカラーカジュアルブラウスTM1098
","
¥ 4,500
","https://base-ec2if.akamaized.net/w=640,a=0,q=90,u=1/images/item/origin/19538ec40b9d485dd6d7b56faac468ba.jpg",https://tiam.official.ec/items/46609867
"
チェックメロウパンツTM1097
","
¥ 4,200
","https://base-ec2if.akamaized.net/w=640,a=0,q=90,u=1/images/item/origin/4f7f7108a43307a1d369f2136913b9fc.jpg",https://tiam.official.ec/items/46609299
"
フロントスリットストレートデニムTM1096
","
¥ 5,200
","https://base-ec2if.akamaized.net/w=640,a=0,q=90,u=1/images/item/origin/5df95623ad6f244c317f24aab6c694d2.jpg",https://tiam.official.ec/items/46543862
"
ナチュラルバケットバッグTM1095
","
¥ 4,200
","https://base-ec2if.akamaized.net/w=640,a=0,q=90,u=1/images/item/origin/acaf7c7cd3a922074155bb19ca45f164.jpg",https://tiam.official.ec/items/46543323
"
フラワーレースシャツTM1094
","
¥ 4,050
(10%OFF)
","https://base-ec2if.akamaized.net/w=640,a=0,q=90,u=1/images/item/origin/eb883d0ffca2beef262d2a6edb86212d.jpg",https://tiam.official.ec/items/46542309
"
ロゴビッグTシャツTM1093
","
¥ 4,000
","https://base-ec2if.akamaized.net/w=640,a=0,q=90,u=1/images/item/origin/5953778eb5790d007f5a64ba7f08f011.jpg",https://tiam.official.ec/items/46492324
"
ギンガムチェックセットアップTM1092
","
¥ 4,250
(15%OFF)
","https://base-ec2if.akamaized.net/w=640,a=0,q=90,u=1/images/item/origin/991613971ff180d5dd3b180610c110a8.jpg",https://tiam.official.ec/items/46491331
"
リトルフラワーショートシャツTM1091
","
¥ 4,500
","https://base-ec2if.akamaized.net/w=640,a=0,q=90,u=1/images/item/origin/050433def2f06cbc98068cddbb3d4615.jpg",https://tiam.official.ec/items/46488798
"
バックリボンシアーブラウスサイドギャザーワンピースTM1090
","
¥ 5,800
","https://base-ec2if.akamaized.net/w=640,a=0,q=90,u=1/images/item/origin/5479d74baae3771d1a8c562984389286.jpg",https://tiam.official.ec/items/46429669
"
ギンガムチェックオールインワンスウィムウェアTM1089
","
¥ 4,600
","https://base-ec2if.akamaized.net/w=640,a=0,q=90,u=1/images/item/origin/deb9205a55102256d01dc4cf187fccf1.jpg",https://tiam.official.ec/items/46419754
"
ボリュームカジュアルスニーカーTM1088
","
¥ 4,000
(20%OFF)
","https://base-ec2if.akamaized.net/w=640,a=0,q=90,u=1/images/item/origin/534a389ffab992a2751b6faa341a7d9f.jpg",https://tiam.official.ec/items/46364553
"
バックリボンデニムスカートTM1086
","
¥ 4,000
","https://base-ec2if.akamaized.net/w=640,a=0,q=90,u=1/images/item/origin/e75bd2ab40745deee8918e36c51d97e7.jpg",https://tiam.official.ec/items/46301630
"
マカロンスリッパTM1085
","
¥ 2,500
","https://base-ec2if.akamaized.net/w=640,a=0,q=90,u=1/images/item/origin/a545331e156c7565cc36e25994a102a0.jpg",https://tiam.official.ec/items/46300606
"
2wayレザーライクショップバッグTM1084
","
¥ 4,000
","https://base-ec2if.akamaized.net/w=640,a=0,q=90,u=1/images/item/origin/27105e1be5e6b93850ce25793f68b6a1.jpg",https://tiam.official.ec/items/46299911
"
ベーシックリブニットポロTM1083
","
¥ 3,600
(10%OFF)
","https://base-ec2if.akamaized.net/w=640,a=0,q=90,u=1/images/item/origin/8c57395fee19746e3630d022dfac96f6.jpg",https://tiam.official.ec/items/46238984
"
バックオープンカジュアルワンピースTM1082
","
¥ 4,000
(20%OFF)
","https://base-ec2if.akamaized.net/w=640,a=0,q=90,u=1/images/item/origin/b45efdf09815ea31d451326dba41247e.jpg",https://tiam.official.ec/items/46238057
"
シアートップスオールインワンセットTM1081
","
¥ 4,200
(30%OFF)
","https://base-ec2if.akamaized.net/w=640,a=0,q=90,u=1/images/item/origin/03499589d5deefb78841553d1099b355.jpg",https://tiam.official.ec/items/46173622
"
カジュアルシャツセットアップTM1080
","
¥ 5,200
","https://base-ec2if.akamaized.net/w=640,a=0,q=90,u=1/images/item/origin/3802ea43351102793c1eb4721401217e.jpg",https://tiam.official.ec/items/46172481
"
ボーダーサマーニットポロTM1079
","
¥ 4,200
","https://base-ec2if.akamaized.net/w=640,a=0,q=90,u=1/images/item/origin/875e47c658fa6cb1fc864ded5bb73eed.jpg",https://tiam.official.ec/items/46171254
"
スクエアネックセットアップTM1078
","
¥ 6,000
","https://base-ec2if.akamaized.net/w=640,a=0,q=90,u=1/images/item/origin/28dbe2ce00756733be19f6d5a593a1db.jpg",https://tiam.official.ec/items/46098378
"
カシュクールフラワートップスTM1077
","
¥ 4,050
(10%OFF)
","https://base-ec2if.akamaized.net/w=640,a=0,q=90,u=1/images/item/origin/e9e161e709ed3c8bbaf40241fb105907.jpg",https://tiam.official.ec/items/46087515
"
スポーツライクハーフパンツTM1076
","
¥ 4,000
","https://base-ec2if.akamaized.net/w=640,a=0,q=90,u=1/images/item/origin/3c8ac137ccdcb057170466619c40b1cb.jpg",https://tiam.official.ec/items/46017773
"
ピスタチオカラーセットアップTM1075
","
¥ 4,250
(15%OFF)
","https://base-ec2if.akamaized.net/w=640,a=0,q=90,u=1/images/item/origin/a45d766ebc676caefa77ecfdfd2c8219.jpg",https://tiam.official.ec/items/46015912
"
パフリボンフラワーワンピースTM1074
","
¥ 4,080
(15%OFF)
","https://base-ec2if.akamaized.net/w=640,a=0,q=90,u=1/images/item/origin/868e08ab5ec8a26ee72e95f5ba9e019c.jpg",https://tiam.official.ec/items/45967754
"
バックリボンシアービスチェトップスTM1073
","
¥ 4,300
","https://base-ec2if.akamaized.net/w=640,a=0,q=90,u=1/images/item/origin/5fa1b13df501c377865cb80e1008359e.jpg",https://tiam.official.ec/items/45966423
"
ペールトーンiphoneケースTM1072
","
¥ 2,500
","https://base-ec2if.akamaized.net/w=640,a=0,q=90,u=1/images/item/origin/70a72c0ecdfd484ce34e7c0f76f425d3.jpg",https://tiam.official.ec/items/45965195
"
ワンポイントベアteeTM1070
","
¥ 3,870
(10%OFF)
","https://base-ec2if.akamaized.net/w=640,a=0,q=90,u=1/images/item/origin/5fb535fae7fa5b29fcf13265275287ca.jpg",https://tiam.official.ec/items/45888154
"
パフスリーブタッグフレアワンピースTM1069
","
¥ 3,750
(25%OFF)
","https://base-ec2if.akamaized.net/w=640,a=0,q=90,u=1/images/item/origin/d0b04b55cf7624542ceb0f6ae416bd7d.jpg",https://tiam.official.ec/items/45834999
"
ベルトデザインショルダーバッグTM1068
","
¥ 4,200
","https://base-ec2if.akamaized.net/w=640,a=0,q=90,u=1/images/item/origin/2a679c01a330a45c8a1e201c85e5da88.jpg",https://tiam.official.ec/items/45834432
"
エモグラフィックteeTM1067
","
¥ 4,000
","https://base-ec2if.akamaized.net/w=640,a=0,q=90,u=1/images/item/origin/5cdb64e94f24e17c86b7af0c1371246b.jpg",https://tiam.official.ec/items/45833937
"
カジュアルガーリーロゴtee TM1066
","
¥ 4,000
","https://base-ec2if.akamaized.net/w=640,a=0,q=90,u=1/images/item/origin/782c66b0f794b903f5178780c4551cd1.jpg",https://tiam.official.ec/items/45775369
"
リボンベルトサンダルTM1065
","
¥ 4,500
","https://base-ec2if.akamaized.net/w=640,a=0,q=90,u=1/images/item/origin/bd110f3f937ac77cec4cda50931298fc.jpg",https://tiam.official.ec/items/45774882
"
シンプルドットトップスTM1064
","
¥ 3,600
(10%OFF)
","https://base-ec2if.akamaized.net/w=640,a=0,q=90,u=1/images/item/origin/09339e99ddf82d94572cbc47bdc73c1a.jpg",https://tiam.official.ec/items/45774402
"
ミントスマホリングミラーケースTM1063
","
¥ 2,500
","https://base-ec2if.akamaized.net/w=640,a=0,q=90,u=1/images/item/origin/5768d578feb317d16d6a8dc353f0d2e2.jpg",https://tiam.official.ec/items/45716218
"
デザインカラーブラウスTM1062
","
¥ 4,080
(15%OFF)
","https://base-ec2if.akamaized.net/w=640,a=0,q=90,u=1/images/item/origin/bde9b1c30a775ae353f42e01d43cd8c8.jpg",https://tiam.official.ec/items/45714689
"
ハートメロウカットルームウェアTM1061
","
¥ 4,500
","https://base-ec2if.akamaized.net/w=640,a=0,q=90,u=1/images/item/origin/92d7818b7778567d56d582fc6ad4b7ad.jpg",https://tiam.official.ec/items/45713209
"
バックオープンロングワンピースTM1060
","
¥ 4,420
(15%OFF)
","https://base-ec2if.akamaized.net/w=640,a=0,q=90,u=1/images/item/origin/e4547ac35938b85461d6b1476069529c.jpg",https://tiam.official.ec/items/45639745
"
シンプルオーロラiPhonecase TM1059
","
¥ 2,500
","https://base-ec2if.akamaized.net/w=640,a=0,q=90,u=1/images/item/origin/58d4982fd488d60da09f96dc5678a126.jpg",https://tiam.official.ec/items/45638168
"
ベーシックスラックスTM1058
","
¥ 3,825
(15%OFF)
","https://base-ec2if.akamaized.net/w=640,a=0,q=90,u=1/images/item/origin/0a38017ba0ca854d9110f96c6e134a64.jpg",https://tiam.official.ec/items/45573185
"
クリアベアチェーンairpodsケースTM1057
","
¥ 2,300
","https://base-ec2if.akamaized.net/w=640,a=0,q=90,u=1/images/item/origin/d738847df7c2497309461290d9c003c4.jpg",https://tiam.official.ec/items/45570946
"
フリルデニムロングスカートセットアップTM1056
","
¥ 6,500
","https://base-ec2if.akamaized.net/w=640,a=0,q=90,u=1/images/item/origin/63e9c522970d06c9698f3cdef8856986.jpg",https://tiam.official.ec/items/45569772
"
ビジューミントカーディガンチェックパンツセットTM1055
","
¥ 5,200
","https://base-ec2if.akamaized.net/w=640,a=0,q=90,u=1/images/item/origin/762f1d34101deffd7012e8cc12c575d6.jpg",https://tiam.official.ec/items/45505083
"
カジュアルボーダーteeTM1054
","
¥ 3,610
(5%OFF)
","https://base-ec2if.akamaized.net/w=640,a=0,q=90,u=1/images/item/origin/0e63338a0032f6ec45d830171dc693d0.jpg",https://tiam.official.ec/items/45501741
"
ハイウエストライトグリーンセットアップTM1053
","
¥ 6,000
","https://base-ec2if.akamaized.net/w=640,a=0,q=90,u=1/images/item/origin/5f9b15f71e17857acf0f5815c41b12a8.jpg",https://tiam.official.ec/items/45444505
"
クリアフラワーグラフィックiPhoneケースTM1052
","
¥ 2,500
","https://base-ec2if.akamaized.net/w=640,a=0,q=90,u=1/images/item/origin/04166e66c5fb096433141579a521c8e5.jpg",https://tiam.official.ec/items/45443486
"
B♡ミニポロワンピースTM1050
","
¥ 4,600
","https://base-ec2if.akamaized.net/w=640,a=0,q=90,u=1/images/item/origin/6c80ac437d078432073cb73791d9cc5a.jpg",https://tiam.official.ec/items/45386279
"
バックオープンカップ付きキャミソールTM1049
","
¥ 3,000
","https://base-ec2if.akamaized.net/w=640,a=0,q=90,u=1/images/item/origin/4033b171ea15aa77f96dd55cd240e0a2.jpg",https://tiam.official.ec/items/45384785
"
ベルトセットハーフパンツTM1048
","
¥ 4,500
","https://base-ec2if.akamaized.net/w=640,a=0,q=90,u=1/images/item/origin/d3e17a4c52fb5e271a69bfecf0e00197.jpg",https://tiam.official.ec/items/45331575
"
ベアカジュアルセットアップTM1047
","
¥ 4,300
","https://base-ec2if.akamaized.net/w=640,a=0,q=90,u=1/images/item/origin/d82e02df15f2ad3c02c330ae11fed29e.jpg",https://tiam.official.ec/items/45330760
"
VカットメッシュニットTM1046
","
¥ 4,700
","https://base-ec2if.akamaized.net/w=640,a=0,q=90,u=1/images/item/origin/a7a1ba188ae15228bebd011be4d6a1ed.jpg",https://tiam.official.ec/items/45328769
"
リボンデザインパフシャツワンピースTM1045
","
¥ 4,800
","https://base-ec2if.akamaized.net/w=640,a=0,q=90,u=1/images/item/origin/d8a5165458415328854245dabdfb3715.jpg",https://tiam.official.ec/items/45261522
"
アニマルグラフィックteeTM1044
","
¥ 4,500
","https://base-ec2if.akamaized.net/w=640,a=0,q=90,u=1/images/item/origin/fe5bdc0ab2d6124136b773983a1b2451.jpg",https://tiam.official.ec/items/45260635
"
レザーライククロスサンダルTM1043
","
¥ 4,200
","https://base-ec2if.akamaized.net/w=640,a=0,q=90,u=1/images/item/origin/6cf2729779f74a659298a1df04f2a896.jpg",https://tiam.official.ec/items/45197669
"
Vネックジャンパースカーフパフトップスセット TM1042
","
¥ 5,200
","https://base-ec2if.akamaized.net/w=640,a=0,q=90,u=1/images/item/origin/304112e7c052803d489f617462318e25.jpg",https://tiam.official.ec/items/45195625
"
レモングラフィックtee TM1041
","
¥ 4,200
","https://base-ec2if.akamaized.net/w=640,a=0,q=90,u=1/images/item/origin/65d9e9a4dc53fb1b1fa39bd79132b8be.jpg",https://tiam.official.ec/items/45194264
"
PロゴキャップTM1040
","
¥ 3,000
","https://base-ec2if.akamaized.net/w=640,a=0,q=90,u=1/images/item/origin/9787b3071da362af80b7c4326b1a3fe2.jpg",https://tiam.official.ec/items/45121402
"
チェックグリーンロンパースTM1039
","
¥ 4,800
","https://base-ec2if.akamaized.net/w=640,a=0,q=90,u=1/images/item/origin/3421c41be5534c5b4ef8eab93672c2f0.jpg",https://tiam.official.ec/items/45120669
"
透かし編みトップスTM1038
","
¥ 3,655
(15%OFF)
","https://base-ec2if.akamaized.net/w=640,a=0,q=90,u=1/images/item/origin/61238163ef6217256ba1ec040a211fe4.jpg",https://tiam.official.ec/items/45060760
"
デニムリボンビスチェワンピースセットTM1037
","
¥ 4,800
","https://base-ec2if.akamaized.net/w=640,a=0,q=90,u=1/images/item/origin/4e25eda34384df1dddb8c302be9462f2.jpg",https://tiam.official.ec/items/45059568
"
パフスリーブシアーシャツTM1036
","
¥ 4,600
","https://base-ec2if.akamaized.net/w=640,a=0,q=90,u=1/images/item/origin/a8dc42c9c9448e9b21ad2f9ef6f55698.jpg",https://tiam.official.ec/items/45006376
"
リトルフラワーフリルカラーワンピースTM1035
","
¥ 5,000
","https://base-ec2if.akamaized.net/w=640,a=0,q=90,u=1/images/item/origin/3d770150207dc76a5d8a5641da14ae8c.jpg",https://tiam.official.ec/items/45005754
"
2wayデザインバッグTM1034
","
¥ 4,250
(15%OFF)
","https://base-ec2if.akamaized.net/w=640,a=0,q=90,u=1/images/item/origin/b3441d7243c4f24b9a8121aacbe19022.jpg",https://tiam.official.ec/items/44958048
"
カジュアルポロロングワンピースTM1033
","
¥ 4,140
(10%OFF)
","https://base-ec2if.akamaized.net/w=640,a=0,q=90,u=1/images/item/origin/c7538e066e324fb56cea38f3ac0d6379.jpg",https://tiam.official.ec/items/44955321
"
リボンかごバッグTM1032
","
¥ 5,200
","https://base-ec2if.akamaized.net/w=640,a=0,q=90,u=1/images/item/origin/c0ee8bdffa14f2cc8ffc2887a1d78962.jpg",https://tiam.official.ec/items/44903078
"
ナチュラルオールインワンTM1030
","
¥ 5,000
","https://base-ec2if.akamaized.net/w=640,a=0,q=90,u=1/images/item/origin/ed02b95c9db3d1f262ccdd900dd94328.jpg",https://tiam.official.ec/items/44847997
"
メロウカットリブカラートップスTM1029
","
¥ 4,200
","https://base-ec2if.akamaized.net/w=640,a=0,q=90,u=1/images/item/origin/1f11c96ab614a2ea9604d158a7ec635e.jpg",https://tiam.official.ec/items/44847206
"
フラワーカットチュニックワンピースTM1028
","
¥ 5,200
","https://base-ec2if.akamaized.net/w=640,a=0,q=90,u=1/images/item/origin/8d8605b4092543a0d4b9402d20d07049.jpg",https://tiam.official.ec/items/44845670
"
オールフラワーハーフニットTM1027
","
¥ 4,500
","https://base-ec2if.akamaized.net/w=640,a=0,q=90,u=1/images/item/origin/74d2f1d09787d8fa984473a1fefae9f2.jpg",https://tiam.official.ec/items/44796717
"
ハーフムーンバッグTM1026
","
¥ 4,200
","https://base-ec2if.akamaized.net/w=640,a=0,q=90,u=1/images/item/origin/31f50543e9c61f06e831f4c6ab63902b.jpg",https://tiam.official.ec/items/44795933
"
ギンガムチェックカラーワンピースTM1025
","
¥ 5,000
","https://base-ec2if.akamaized.net/w=640,a=0,q=90,u=1/images/item/origin/9df213f204cc994a4eb3d51ea460ca69.jpg",https://tiam.official.ec/items/44795234
"
ビジューカチューシャTM1024
","
¥ 2,500
","https://base-ec2if.akamaized.net/w=640,a=0,q=90,u=1/images/item/origin/e5f6ebd6374e2e8e9c12626bbfcaa84e.jpg",https://tiam.official.ec/items/44743283
"
ラップフリルブラウスTM1023
","
¥ 4,600
","https://base-ec2if.akamaized.net/w=640,a=0,q=90,u=1/images/item/origin/3a1ec9af628c58e487ab6e83cd97f6b1.jpg",https://tiam.official.ec/items/44737353
"
シャツティアードワンピースTM1022
","
¥ 4,800
","https://base-ec2if.akamaized.net/w=640,a=0,q=90,u=1/images/item/origin/b0e0bd69e143fa61614e588766ccaf2d.jpg",https://tiam.official.ec/items/44683976
"
パールiPhoneケースTM1021
","
¥ 2,500
","https://base-ec2if.akamaized.net/w=640,a=0,q=90,u=1/images/item/origin/dc59f1cfca714b2fb38f96142e5462d4.jpg",https://tiam.official.ec/items/44673789
"
パールビジューピアス(イヤリング)TM1020
","
¥ 2,500
","https://base-ec2if.akamaized.net/w=640,a=0,q=90,u=1/images/item/origin/ec371352f0ff25d393747231b16ee51e.jpg",https://tiam.official.ec/items/44634256
"
シンプルビッグシャツTM1019
","
¥ 4,160
(20%OFF)
","https://base-ec2if.akamaized.net/w=640,a=0,q=90,u=1/images/item/origin/660b0356dac7eea752f80054efd401f9.jpg",https://tiam.official.ec/items/44633721
"
パフジャケットパンツセットアップTM0942
","
¥ 6,000
","https://base-ec2if.akamaized.net/w=640,a=0,q=90,u=1/images/item/origin/6a397a3227ee9fed8f35b6693cf3c4d1.jpg",https://tiam.official.ec/items/42884294
"
ジャーマントレーナーシューズTM0721
","
¥ 5,100
(15%OFF)
","https://base-ec2if.akamaized.net/w=640,a=0,q=90,u=1/images/item/origin/1fb280f896aeb83aa24fcf295341f33b.jpg",https://tiam.official.ec/items/37395699
"
パフボーダーワンピースTM1017
","
¥ 5,000
","https://base-ec2if.akamaized.net/w=640,a=0,q=90,u=1/images/item/origin/f58dabccacacce571663d7a94c11053a.jpg",https://tiam.official.ec/items/44588803
"
パッド付きキャミソールTM1016
","
¥ 2,500
","https://base-ec2if.akamaized.net/w=640,a=0,q=90,u=1/images/item/origin/0ebe114f253d79bc4fe8d12c523dc6a5.jpg",https://tiam.official.ec/items/44588471
"
ストラップフラットシューズTM1015
","
¥ 4,600
","https://base-ec2if.akamaized.net/w=640,a=0,q=90,u=1/images/item/origin/3c6ba55077e24637e8fdc8df760f35bb.jpg",https://tiam.official.ec/items/44551010
"
シアーチェリーブラウスTM1014
","
¥ 4,800
","https://base-ec2if.akamaized.net/w=640,a=0,q=90,u=1/images/item/origin/8a314830d8518c6d3c6e64d7cebd3e7a.jpg",https://tiam.official.ec/items/44550033
"
ローズリリーワンピースTM1013
","
¥ 6,200
","https://base-ec2if.akamaized.net/w=640,a=0,q=90,u=1/images/item/origin/cccbbc67339d065732ae2e4b943200f9.jpg",https://tiam.official.ec/items/44547827
"
ラフストライプシャツTM1012
","
¥ 3,780
(10%OFF)
","https://base-ec2if.akamaized.net/w=640,a=0,q=90,u=1/images/item/origin/7c30900975171fbb3ddd616d31677be2.jpg",https://tiam.official.ec/items/44494763
"
セットアップライクデニムワンピースTM1011
","
¥ 4,600
","https://base-ec2if.akamaized.net/w=640,a=0,q=90,u=1/images/item/origin/ba4d9d6db7e71df93a3a7e6d2e0ec558.jpg",https://tiam.official.ec/items/44494411
"
ハートゴールドネックレスTM1009
","
¥ 2,500
","https://base-ec2if.akamaized.net/w=640,a=0,q=90,u=1/images/item/origin/01b7a8204cc709a7d898fcb034fe0f1c.jpg",https://tiam.official.ec/items/44451440
"
ドットフリルサマーニットTM1008
","
¥ 4,200
","https://base-ec2if.akamaized.net/w=640,a=0,q=90,u=1/images/item/origin/244e901154cdbf54199d336570657f2d.jpg",https://tiam.official.ec/items/44451056
"
カジュアルバケットハットTM1007
","
¥ 2,880
(10%OFF)
","https://base-ec2if.akamaized.net/w=640,a=0,q=90,u=1/images/item/origin/89d66da031ad03656849ee6bafb82369.jpg",https://tiam.official.ec/items/44395862
"
ハーフカジュアルセットアップTM1006
","
¥ 6,300
","https://base-ec2if.akamaized.net/w=640,a=0,q=90,u=1/images/item/origin/906fe753fb4fe3e86affaa3531c0fa31.jpg",https://tiam.official.ec/items/44395338
"
ラウンドバケツバッグTM1005
","
¥ 4,500
","https://base-ec2if.akamaized.net/w=640,a=0,q=90,u=1/images/item/origin/bb6ada0c29e63d2b107ceee054490357.jpg",https://tiam.official.ec/items/44345713
"
カジュアルハーフデニムTM1004
","
¥ 5,400
","https://base-ec2if.akamaized.net/w=640,a=0,q=90,u=1/images/item/origin/a7abec961b9454159ea092d5a37b0828.jpg",https://tiam.official.ec/items/44344673
"
シアーフラワーラインブラウスTM1003
","
¥ 5,000
","https://base-ec2if.akamaized.net/w=640,a=0,q=90,u=1/images/item/origin/7db5399a31d8b25a6e54c8e09d767d05.jpg",https://tiam.official.ec/items/44341950
"
サイドリボンパフブラウスTM1002
","
¥ 5,200
","https://base-ec2if.akamaized.net/w=640,a=0,q=90,u=1/images/item/origin/435c44eec4e569cf9ba103dc3b398ba6.jpg",https://tiam.official.ec/items/44289683
"
クリームカジュアルジャンプスーツTM1001
","
¥ 5,300
","https://base-ec2if.akamaized.net/w=640,a=0,q=90,u=1/images/item/origin/dfc32c237b968d422d819917e60e8779.jpg",https://tiam.official.ec/items/44287939
"
バックスリットシアーシャツTM1000
","
¥ 5,500
","https://base-ec2if.akamaized.net/w=640,a=0,q=90,u=1/images/item/origin/2b060359e7f5d191d9dd56f6cdc487c4.jpg",https://tiam.official.ec/items/44228731
"
フラワーカットパフロングワンピースTM0999
","
¥ 4,640
(20%OFF)
","https://base-ec2if.akamaized.net/w=640,a=0,q=90,u=1/images/item/origin/d9c1e2b34fb18b1472c7b8c687b39b80.jpg",https://tiam.official.ec/items/44228183
"
フリルパフショートブラウスTM0998
","
¥ 5,000
","https://base-ec2if.akamaized.net/w=640,a=0,q=90,u=1/images/item/origin/eb8042c83e2991e0ab0f8e798d727e25.jpg",https://tiam.official.ec/items/44178099
"
ストレートブルーデニムTM0997
","
¥ 5,500
","https://base-ec2if.akamaized.net/w=640,a=0,q=90,u=1/images/item/origin/8e1fc9f6c6b18959c05ab61b092056ff.jpg",https://tiam.official.ec/items/44177800
"
ハーフサマーニットポロTM0996
","
¥ 5,200
","https://base-ec2if.akamaized.net/w=640,a=0,q=90,u=1/images/item/origin/ab1e760874a1887e60b6c77bee8d0cee.jpg",https://tiam.official.ec/items/44177174
"
アイボリーアンクルカットデニムTM0995
","
¥ 5,500
","https://base-ec2if.akamaized.net/w=640,a=0,q=90,u=1/images/item/origin/f0dee3e77702b981cb39ea3e7df51767.jpg",https://tiam.official.ec/items/44120445
"
2wayカヌレバッグTM0994
","
¥ 4,600
","https://base-ec2if.akamaized.net/w=640,a=0,q=90,u=1/images/item/origin/eaf481755718cbbfc82ca1bbfacbf240.jpg",https://tiam.official.ec/items/44118791
"
ロゴカジュアルteeTM0993
","
¥ 4,500
","https://base-ec2if.akamaized.net/w=640,a=0,q=90,u=1/images/item/origin/6f0360bcb0b2cad7989abcb7ae07a7ba.jpg",https://tiam.official.ec/items/44117869
"
スカラップフリルリボンブラウスTM0992
","
¥ 5,200
","https://base-ec2if.akamaized.net/w=640,a=0,q=90,u=1/images/item/origin/787612b481655a07f499d88c04c89867.jpg",https://tiam.official.ec/items/44063042
"
スクエアネックパフワンピースTM0990
","
¥ 5,300
","https://base-ec2if.akamaized.net/w=640,a=0,q=90,u=1/images/item/origin/09bc1fcb41ad6c8ee5117c3fa191d315.jpg",https://tiam.official.ec/items/44012275
"
シェルデニムオーバーオールTM0989
","
¥ 6,000
","https://base-ec2if.akamaized.net/w=640,a=0,q=90,u=1/images/item/origin/e097623532efe5e12e3b93edda7372c9.jpg",https://tiam.official.ec/items/44011163
"
レターショルダーバッグTM0988
","
¥ 4,200
","https://base-ec2if.akamaized.net/w=640,a=0,q=90,u=1/images/item/origin/3e320933f49e0ed86e009fd76cbaabfb.jpg",https://tiam.official.ec/items/43963475
"
ポイントボタンサマーニットTM0987
","
¥ 5,000
","https://base-ec2if.akamaized.net/w=640,a=0,q=90,u=1/images/item/origin/d4808ad664f66df82b9480b0017ac918.jpg",https://tiam.official.ec/items/43962759
"
パフデニムスカートセットアップTM0985
","
¥ 7,200
","https://base-ec2if.akamaized.net/w=640,a=0,q=90,u=1/images/item/origin/e1d7e7a09d121ea269f371460501cae9.jpg",https://tiam.official.ec/items/43921988
"
パフセーラーロングワンピース TM0984
","
¥ 5,500
","https://base-ec2if.akamaized.net/w=640,a=0,q=90,u=1/images/item/origin/81e4080090c1ea78f30a55e6b1e1d804.jpg",https://tiam.official.ec/items/43866038
"
シャーベットリブハーフニット TM0983
","
¥ 4,500
","https://base-ec2if.akamaized.net/w=640,a=0,q=90,u=1/images/item/origin/2e0d930eae9d797876911f359705b9d2.jpg",https://tiam.official.ec/items/43865537
"
ストレートデニムハイウエストセットアップ TM0982
","
¥ 6,120
(15%OFF)
","https://base-ec2if.akamaized.net/w=640,a=0,q=90,u=1/images/item/origin/5a7243e8dd65dd0bf33ac170fa79bca8.jpg",https://tiam.official.ec/items/43810046
"
スクエアネックフラワージャガードワンピースTM0980
","
¥ 6,000
","https://base-ec2if.akamaized.net/w=640,a=0,q=90,u=1/images/item/origin/9b9efcfa58c7728effa28efa7cbd5475.jpg",https://tiam.official.ec/items/43808121
"
モスグリーンハーフニットTM0979
","
¥ 3,840
(20%OFF)
","https://base-ec2if.akamaized.net/w=640,a=0,q=90,u=1/images/item/origin/1c5bafe1bac2fe7495a9283037ce32b6.jpg",https://tiam.official.ec/items/43755279
"
シャーベットチェックトップスTM0978
","
¥ 4,800
","https://base-ec2if.akamaized.net/w=640,a=0,q=90,u=1/images/item/origin/8f708e0671043ae8a3df133be71be082.jpg",https://tiam.official.ec/items/43754558
"
ミントスカラップサマーニットTM0977
","
¥ 5,200
","https://base-ec2if.akamaized.net/w=640,a=0,q=90,u=1/images/item/origin/0adebb89b4043b198b4690edf2cee167.jpg",https://tiam.official.ec/items/43692335
"
カジュアルライクオールインワンTM0976
","
¥ 4,400
(20%OFF)
","https://base-ec2if.akamaized.net/w=640,a=0,q=90,u=1/images/item/origin/d8ecd9c470f08e363e22c1a1dbf7f158.jpg",https://tiam.official.ec/items/43691533
"
カジュアルビッグシャツTM0161
","
¥ 4,000
","https://base-ec2if.akamaized.net/w=640,a=0,q=90,u=1/images/item/origin/56e925ee0140c850ca4327d1fd4357dc.jpg",https://tiam.official.ec/items/28726836
"
シアーリボンセーラーシャツTM0975
","
¥ 5,500
","https://base-ec2if.akamaized.net/w=640,a=0,q=90,u=1/images/item/origin/efc1e3924bd6d78d5cd9d9d7002856b5.jpg",https://tiam.official.ec/items/43638400
"
フラワーキャミワンピーストップスセットTM0974
","
¥ 6,000
","https://base-ec2if.akamaized.net/w=640,a=0,q=90,u=1/images/item/origin/c46887ae607e5bdb27d5b789b8f6b467.jpg",https://tiam.official.ec/items/43637706
"
バックプリーツシャツTM0973
","
¥ 5,300
","https://base-ec2if.akamaized.net/w=640,a=0,q=90,u=1/images/item/origin/ec68f1dda9e3c9ad19da9286bbfbe128.jpg",https://tiam.official.ec/items/43585458
"
シャークソールボリュームサンダルTM0972
","
¥ 4,640
(20%OFF)
","https://base-ec2if.akamaized.net/w=640,a=0,q=90,u=1/images/item/origin/4cac0b0fd55328863d9d78503d5b6ccd.jpg",https://tiam.official.ec/items/43585125
"
パフペプラムトップスTM0971
","
¥ 5,000
","https://base-ec2if.akamaized.net/w=640,a=0,q=90,u=1/images/item/origin/5dc2ca08b189b43d28744a9821b2b035.jpg",https://tiam.official.ec/items/43550623
"
ステッチデニムショートパンツ TM970
","
¥ 5,200
","https://base-ec2if.akamaized.net/w=640,a=0,q=90,u=1/images/item/origin/88dbc7c1b7109151e7c5edeb25232a53.jpg",https://tiam.official.ec/items/43548909
"
バックリボンパフロングワンピース TM0969
","
¥ 5,500
","https://base-ec2if.akamaized.net/w=640,a=0,q=90,u=1/images/item/origin/b1b276a7401a91f6aca4b7917ca72bdd.jpg",https://tiam.official.ec/items/43510188
"
ベアカジュアルteeTM0968
","
¥ 3,680
(20%OFF)
","https://base-ec2if.akamaized.net/w=640,a=0,q=90,u=1/images/item/origin/3f5ba1e535ec717ac9ccc4d18aa7d269.jpg",https://tiam.official.ec/items/43507685
"
ギャザーフリルアームカバーTM0967
","
¥ 5,200
","https://base-ec2if.akamaized.net/w=640,a=0,q=90,u=1/images/item/origin/32c493b36e8f4dd21ed3f6ec77b0d275.jpg",https://tiam.official.ec/items/43456187
"
フリルベルトスリッポンTM0966
","
¥ 5,000
","https://base-ec2if.akamaized.net/w=640,a=0,q=90,u=1/images/item/origin/1c626a2daebf44aec7fe5f23b0ff05cf.jpg",https://tiam.official.ec/items/43455132
"
クロシェ編みパフトップスTM0965
","
¥ 5,200
","https://base-ec2if.akamaized.net/w=640,a=0,q=90,u=1/images/item/origin/31b5f65a9052b2c90b80b32e0d879434.jpg",https://tiam.official.ec/items/43419690
"
シフォンスリーブレディワンピース TM0964
","
¥ 5,300
","https://base-ec2if.akamaized.net/w=640,a=0,q=90,u=1/images/item/origin/f6a0fc9c41fc159c6b18b86a5b2ecc68.jpg",https://tiam.official.ec/items/43418402
"
ノーカラーリトルフラワーブラウスTM0963
","
¥ 5,500
","https://base-ec2if.akamaized.net/w=640,a=0,q=90,u=1/images/item/origin/f363493fa1140b62b86178188cdc8faf.jpg",https://tiam.official.ec/items/43361255
"
パフブラウスジャンパースカートセットTM0962
","
¥ 6,000
","https://base-ec2if.akamaized.net/w=640,a=0,q=90,u=1/images/item/origin/34d3087e8ce4932a499a9db290928623.jpg",https://tiam.official.ec/items/43355177
"
サイドシフォンリボンキャミワンピースTM0961
","
¥ 5,500
","https://base-ec2if.akamaized.net/w=640,a=0,q=90,u=1/images/item/origin/d12916c66b80ebb532011bc101a3e587.jpg",https://tiam.official.ec/items/43287296
"
リボンステッチスクエアネックブラウス TM0959
","
¥ 4,800
","https://base-ec2if.akamaized.net/w=640,a=0,q=90,u=1/images/item/origin/6ea8e9288d93ad9ba1035800db2d37ae.jpg",https://tiam.official.ec/items/43210181
